{"entities":{"pages":{"starter":{"id":"starter","title":"Introduction","url":"starter.html","level":0,"tabIndex":0},"Including-JavaScript":{"id":"Including-JavaScript","title":"Including JavaScript","url":"including-javascript.html","level":0,"tabIndex":1},"Variables":{"id":"Variables","title":"Variables","url":"variables.html","level":0,"tabIndex":2},"Data-Types":{"id":"Data-Types","title":"Data Types","url":"data-types.html","level":0,"tabIndex":3},"Operators":{"id":"Operators","title":"Operators","url":"operators.html","level":0,"tabIndex":4},"String-Concatenation":{"id":"String-Concatenation","title":"String Concatenation","url":"string-concatenation.html","level":0,"tabIndex":5},"Type-Coercion-and-Type-Conversion":{"id":"Type-Coercion-and-Type-Conversion","title":"Type Coercion and Type Conversion","url":"type-coercion-and-type-conversion.html","level":0,"tabIndex":6},"Control-Flow":{"id":"Control-Flow","title":"Control Flow","url":"control-flow.html","level":0,"pages":["Conditionals","Loops"],"tabIndex":7},"Conditionals":{"id":"Conditionals","title":"Conditionals","url":"conditionals.html","level":1,"parentId":"Control-Flow","tabIndex":0},"Loops":{"id":"Loops","title":"Loops","url":"loops.html","level":1,"parentId":"Control-Flow","tabIndex":1},"Functions":{"id":"Functions","title":"Functions","url":"functions.html","level":0,"tabIndex":8}}},"topLevelIds":["starter","Including-JavaScript","Variables","Data-Types","Operators","String-Concatenation","Type-Coercion-and-Type-Conversion","Control-Flow","Functions"]}