{"entities":{"pages":{"starter":{"id":"starter","title":"Introduction","url":"starter.html","level":0,"tabIndex":0},"Including-JavaScript":{"id":"Including-JavaScript","title":"Including JavaScript","url":"including-javascript.html","level":0,"tabIndex":1},"Variables":{"id":"Variables","title":"Variables","url":"variables.html","level":0,"tabIndex":2},"Data-Types":{"id":"Data-Types","title":"Data Types","url":"data-types.html","level":0,"tabIndex":3},"Operators":{"id":"Operators","title":"Operators","url":"operators.html","level":0,"tabIndex":4},"String-Concatenation":{"id":"String-Concatenation","title":"String Concatenation","url":"string-concatenation.html","level":0,"tabIndex":5},"Type-Coercion-and-Type-Conversion":{"id":"Type-Coercion-and-Type-Conversion","title":"Type Coercion and Type Conversion","url":"type-coercion-and-type-conversion.html","level":0,"tabIndex":6},"Control-Flow":{"id":"Control-Flow","title":"Control Flow","url":"control-flow.html","level":0,"pages":["Conditionals","Loops"],"tabIndex":7},"Conditionals":{"id":"Conditionals","title":"Conditionals","url":"conditionals.html","level":1,"parentId":"Control-Flow","tabIndex":0},"Loops":{"id":"Loops","title":"Loops","url":"loops.html","level":1,"parentId":"Control-Flow","tabIndex":1},"Functions":{"id":"Functions","title":"Functions","url":"functions.html","level":0,"tabIndex":8},"Scope":{"id":"Scope","title":"Scope","url":"scope.html","level":0,"tabIndex":9},"Basic-Data-Structures":{"id":"Basic-Data-Structures","title":"Basic Data Structures","url":"basic-data-structures.html","level":0,"pages":["Arrays","Objects","Sets","Map"],"tabIndex":10},"Arrays":{"id":"Arrays","title":"Arrays","url":"arrays.html","level":1,"parentId":"Basic-Data-Structures","tabIndex":0},"Objects":{"id":"Objects","title":"Objects","url":"objects.html","level":1,"parentId":"Basic-Data-Structures","tabIndex":1},"Sets":{"id":"Sets","title":"Sets","url":"sets.html","level":1,"parentId":"Basic-Data-Structures","tabIndex":2},"Map":{"id":"Map","title":"Maps","url":"map.html","level":1,"parentId":"Basic-Data-Structures","tabIndex":3},"Document-Object-Model":{"id":"Document-Object-Model","title":"Document Object Model","url":"document-object-model.html","level":0,"pages":["Acessing-Finding-Dom-Elements","Changing-DOM-Elements","DOM-Events","DOM-Event-Listener-Method","Event-Propagation"],"tabIndex":11},"Acessing-Finding-Dom-Elements":{"id":"Acessing-Finding-Dom-Elements","title":"Accessing/Finding Dom Elements","url":"acessing-finding-dom-elements.html","level":1,"parentId":"Document-Object-Model","tabIndex":0},"Changing-DOM-Elements":{"id":"Changing-DOM-Elements","title":"Changing DOM Elements","url":"changing-dom-elements.html","level":1,"parentId":"Document-Object-Model","tabIndex":1},"DOM-Events":{"id":"DOM-Events","title":"DOM Events","url":"dom-events.html","level":1,"parentId":"Document-Object-Model","tabIndex":2},"DOM-Event-Listener-Method":{"id":"DOM-Event-Listener-Method","title":"DOM Event Listener Method","url":"dom-event-listener-method.html","level":1,"parentId":"Document-Object-Model","tabIndex":3},"Event-Propagation":{"id":"Event-Propagation","title":"Event Propagation","url":"event-propagation.html","level":1,"parentId":"Document-Object-Model","tabIndex":4},"ES6":{"id":"ES6","title":"ES6","url":"es6.html","level":0,"pages":["let-and-const-for-block-scoped-variables","Arrow-functions","Template-literals","Default-Parameters","Spread-Operator","Rest-Operator","Destructuring","Object-Literal-Enhancements","ES6-Modules"],"tabIndex":12},"let-and-const-for-block-scoped-variables":{"id":"let-and-const-for-block-scoped-variables","title":"let and const for block scoped variables","url":"let-and-const-for-block-scoped-variables.html","level":1,"parentId":"ES6","tabIndex":0},"Arrow-functions":{"id":"Arrow-functions","title":"Arrow functions","url":"arrow-functions.html","level":1,"parentId":"ES6","tabIndex":1},"Template-literals":{"id":"Template-literals","title":"Template literals","url":"template-literals.html","level":1,"parentId":"ES6","tabIndex":2},"Default-Parameters":{"id":"Default-Parameters","title":"Default Parameters","url":"default-parameters.html","level":1,"parentId":"ES6","tabIndex":3},"Spread-Operator":{"id":"Spread-Operator","title":"Spread Operator","url":"spread-operator.html","level":1,"parentId":"ES6","tabIndex":4},"Rest-Operator":{"id":"Rest-Operator","title":"Rest Operator","url":"rest-operator.html","level":1,"parentId":"ES6","tabIndex":5},"Destructuring":{"id":"Destructuring","title":"Destructuring","url":"destructuring.html","level":1,"parentId":"ES6","tabIndex":6},"Object-Literal-Enhancements":{"id":"Object-Literal-Enhancements","title":"Object Literal Enhancements","url":"object-literal-enhancements.html","level":1,"parentId":"ES6","tabIndex":7},"ES6-Modules":{"id":"ES6-Modules","title":"ES6 Modules","url":"es6-modules.html","level":1,"parentId":"ES6","tabIndex":8},"Asynchronous-JavaScript":{"id":"Asynchronous-JavaScript","title":"Asynchronous JavaScript","url":"asynchronous-javascript.html","level":0,"pages":["Callbacks","Promises","Consuming-Promises-With-Async-Await"],"tabIndex":13},"Callbacks":{"id":"Callbacks","title":"Callbacks","url":"callbacks.html","level":1,"parentId":"Asynchronous-JavaScript","tabIndex":0},"Promises":{"id":"Promises","title":"Promises","url":"promises.html","level":1,"parentId":"Asynchronous-JavaScript","tabIndex":1},"Consuming-Promises-With-Async-Await":{"id":"Consuming-Promises-With-Async-Await","title":"Consuming Promises With Async/Await","url":"consuming-promises-with-async-await.html","level":1,"parentId":"Asynchronous-JavaScript","tabIndex":2}}},"topLevelIds":["starter","Including-JavaScript","Variables","Data-Types","Operators","String-Concatenation","Type-Coercion-and-Type-Conversion","Control-Flow","Functions","Scope","Basic-Data-Structures","Document-Object-Model","ES6","Asynchronous-JavaScript"]}